,CD20_Area,CD20_Het.Score,CD20_Negative.Percent,CD20_Num.Detections,CD20_Num.Negative,CD20_Num.Pos.per.mm.2,CD20_Num.Positive,CD20_Pos.Pixel.Percent,CD20_Positive.Percent,CD27_Area,CD27_Het.Score,CD27_Negative.Percent,CD27_Num.Detections,CD27_Num.Negative,CD27_Num.Pos.per.mm.2,CD27_Num.Positive,CD27_Pos.Pixel.Percent,CD27_Positive.Percent,CD3_Area,CD3_Het.Score,CD3_Negative.Percent,CD3_Num.Detections,CD3_Num.Negative,CD3_Num.Pos.per.mm.2,CD3_Num.Positive,CD3_Pos.Pixel.Percent,CD3_Positive.Percent,CD5_Area,CD5_Het.Score,CD5_Negative.Percent,CD5_Num.Detections,CD5_Num.Negative,CD5_Num.Pos.per.mm.2,CD5_Num.Positive,CD5_Pos.Pixel.Percent,CD5_Positive.Percent,CD8_Area,CD8_Het.Score,CD8_Negative.Percent,CD8_Num.Detections,CD8_Num.Negative,CD8_Num.Pos.per.mm.2,CD8_Num.Positive,CD8_Pos.Pixel.Percent,CD8_Positive.Percent,IL6_Area,IL6_Het.Score,IL6_Negative.Percent,IL6_Num.Detections,IL6_Num.Negative,IL6_Num.Pos.per.mm.2,IL6_Num.Positive,IL6_Pos.Pixel.Percent,IL6_Positive.Percent,PDL1_Area,PDL1_Het.Score,PDL1_Negative.Percent,PDL1_Num.Detections,PDL1_Num.Negative,PDL1_Num.Pos.per.mm.2,PDL1_Num.Positive,PDL1_Pos.Pixel.Percent,PDL1_Positive.Percent,SMA_Area,SMA_Het.Score,SMA_Negative.Percent,SMA_Num.Detections,SMA_Num.Negative,SMA_Num.Pos.per.mm.2,SMA_Num.Positive,SMA_Pos.Pixel.Percent,SMA_Positive.Percent
C0_2721_NOOBV4101T,1025027,10,58.91,15582,9180,62.45689138,6402,9.603,41.08586831,2240243,10,68.85,20511,14122,28.5192276,6389,8.9446,31.14913949,2734959,4,95.88,15227,14599,2.296195299,628,0.1884,4.124252972,1867969,8,69.32,20605,14283,33.84424474,6322,2.5288,30.68187333,874832,3,80.54,3026,2437,6.732721254,589,0.2356,19.46463979,795055,8,83.44,16653,13896,34.67684626,2757,1.6542,16.55557557,2387138,2,28.83,9285,2677,27.68168409,6608,5.9472,71.16855143,736835,3,41.11,8919,3667,71.27783018,5252,2.1008,58.88552528
C9_2721_QCECJ5772H,2405671,1,53.44,14084,7527,27.25642866,6557,9.8355,46.55637603,1742235,9,55.97,15370,8603,38.84091411,6767,9.4738,44.02732596,1621403,5,94.98,14514,13786,4.489938652,728,0.2184,5.015846769,1632208,7,70.61,23278,16436,41.91867703,6842,2.7368,29.3925595,1293174,2,97.27,19267,18741,4.06751141,526,0.2104,2.730056573,419239,2,NA,NA,8387,NA,NA,NA,NA,1874903,1,27.89,8855,2470,34.05509512,6385,5.7465,72.10615471,871066,2,81.12,11254,9129,24.39539599,2125,0.85,18.88217523
E4_2721_KNFYL5159D,1283798,4,NA,NA,3491,NA,NA,NA,NA,1078332,9,68.48,21102,14451,61.67859249,6651,9.3114,31.51833949,1092046,1,97.08,19866,19286,5.311131582,580,0.174,2.919561059,2045955,6,71.4,23829,17015,33.30474033,6814,2.7256,28.59540896,1000427,5,97.55,19132,18663,4.687998225,469,0.1876,2.451390341,2459034,9,50.76,12389,6289,24.80648905,6100,3.66,49.23722657,2201201,5,64.13,17916,11490,29.1931541,6426,5.7834,35.86738111,2711349,6,62.98,14930,9403,20.38468674,5527,2.2108,37.01942398
G5_3420_PORPL4558C,564828,4,70.92,27360,19405,140.8393352,7955,11.9325,29.0752924,1955695,10,NA,NA,2131,NA,NA,NA,NA,390291,8,90.51,15630,14146,38.02291111,1484,0.4452,9.49456174,2476347,3,28.04,10803,3029,31.3930156,7774,3.1096,71.96149218,2054528,4,82.63,10953,9051,9.257600773,1902,0.7608,17.36510545,688862,5,90.7,22643,20537,30.57216104,2106,1.2636,9.300887692,512870,8,47.41,15761,7472,161.6199037,8289,7.4601,52.59184062,2666525,4,36.79,5673,2087,13.44821444,3586,1.4344,63.21170457
B4_3327_BWDLJ3279D,1096962,1,35.22,10313,3632,60.90457099,6681,10.0215,64.78231358,1593396,7,73.09,23811,17404,40.2097156,6407,8.9698,26.90773172,1585514,2,97.04,16624,16132,3.103094643,492,0.1476,2.959576516,861507,3,NA,NA,11854,NA,NA,NA,NA,2141099,2,94.66,17424,16493,4.348234248,931,0.3724,5.343204775,2492709,1,99.79,4791,4781,0.040116997,10,0.006,0.208724692,1126173,5,22.56,8168,1843,56.16366224,6325,5.6925,77.43633692,1568829,1,55.49,23516,13050,66.71217832,10466,4.1864,44.50586834
B7_3327_MXUZC4909D,2200437,5,70.81,19938,14119,26.44474711,5819,8.7285,29.18547497,198439,2,73.36,21161,15524,284.0671441,5637,7.8918,26.63862766,2487069,10,85,24433,20767,14.74024243,3666,1.0998,15.00429747,2949333,3,74.39,22523,16754,19.56035483,5769,2.3076,25.61381699,669004,8,71.43,13404,9574,57.24928401,3830,1.532,28.57356013,780289,5,99.75,5192,5179,0.166604937,13,0.0078,0.250385208,1280775,3,24.89,7104,1768,41.66227479,5336,4.8024,75.11261261,2787490,8,77.78,21285,16555,16.96867074,4730,1.892,22.22222222
D8_3327_BGXMM2195Q,1924396,10,52.69,11049,5822,27.1617692,5227,7.8405,47.30744864,1453218,8,71.1,19966,14196,39.70498576,5770,8.078,28.89912852,2178393,8,86.36,22916,19791,14.34543721,3125,0.9375,13.63676034,2465678,9,43.11,9930,4281,22.91053414,5649,2.2596,56.88821752,371025,6,83.92,23212,19480,100.5862139,3732,1.4928,16.07789075,774445,9,99.73,9286,9261,0.32281182,25,0.015,0.269222485,1000127,7,75.53,22469,16971,54.97301843,5498,4.9482,24.46926877,2611339,10,45.7,15957,7292,33.18221035,8665,3.466,54.30218713
F9_3327_LHCXZ5361Y,1009391,2,56.27,12726,7161,55.13225301,5565,8.3475,43.72937294,2087732,6,39.56,9246,3658,26.76588758,5588,7.8232,60.43694571,1454665,7,50.88,6775,3447,22.8781197,3328,0.9984,49.12177122,1338206,7,57.28,11861,6794,37.86412555,5067,2.0268,42.71983812,1252496,9,80.07,14980,11995,23.83241144,2985,1.194,19.92656876,892494,1,99.92,8640,8633,0.0784319,7,0.0042,0.081018519,263523,9,76.62,21958,16825,194.783757,5133,4.6197,23.37644594,2208054,5,43.1,11530,4969,29.71394721,6561,2.6244,56.9037294
B0_2253_QJGGD5425K,615852,8,66.68,20608,13742,111.487825,6866,10.299,33.31715839,2660843,3,74.67,25768,19241,24.52982006,6527,9.1378,25.3298665,882087,1,98.86,4812,4757,0.623521263,55,0.0165,1.142975894,2371235,10,53.41,14006,7481,27.51730638,6525,2.61,46.58717692,1381678,5,92.32,7445,6873,4.139893666,572,0.2288,7.683008731,257472,9,99.19,3687,3657,1.165175242,30,0.018,0.81366965,1160979,5,58.67,15789,9264,56.20256697,6525,5.8725,41.32623979,397213,4,NA,NA,10671,NA,NA,NA,NA
B8_2253_EGGOJ0399D,1764327,3,28.33,7726,2189,31.38307128,5537,8.3055,71.66709811,1653267,7,77.9,23295,18146,31.1443947,5149,7.2086,22.10345568,1044558,10,76.99,16813,12945,37.03001652,3868,1.1604,23.00600726,2825970,4,45.13,9357,4223,18.16721338,5134,2.0536,54.86801325,1713719,7,85.9,21588,18544,17.76253867,3044,1.2176,14.10042616,2749001,1,NA,NA,15078,NA,NA,NA,NA,2839481,7,74.09,21270,15758,19.41199818,5512,4.9608,25.91443347,1961138,8,95.05,19482,18518,4.91551334,964,0.3856,4.948157273
E5_2253_ELFBU1059U,1908401,2,23.78,7646,1818,30.53865514,5828,8.742,76.22286163,2432477,4,72.79,20450,14886,22.87380312,5564,7.7896,27.20782396,2843544,8,NA,NA,1826,NA,NA,NA,NA,1817180,3,64.8,15492,10039,30.00803443,5453,2.1812,35.19881229,2261289,10,85.14,22476,19136,14.77033674,3340,1.336,14.86029543,1284017,5,99.83,10715,10697,0.14018506,18,0.0108,0.167988801,2113234,7,46.25,10507,4860,26.72207621,5647,5.0823,53.7451223,1695385,10,NA,NA,506,NA,NA,NA,NA
E7_2253_TTMRG5205C,447740,4,75.63,21309,16115,116.0048242,5194,7.791,24.37467737,2784468,8,59.29,13875,8226,20.28753787,5649,7.9086,40.71351351,2317374,7,84.42,23610,19932,15.87141307,3678,1.1034,15.57814485,838623,8,36.34,9246,3360,70.18648427,5886,2.3544,63.65996106,2584032,7,84.16,20372,17146,12.48436552,3226,1.2904,15.83546044,1212811,8,99.88,7470,7461,0.07420777,9,0.0054,0.120481928,2320182,7,77.63,22180,17218,21.38625332,4962,4.4658,22.37150586,1732353,10,67.35,7753,5222,14.61018626,2531,1.0124,32.64542758
F1_2253_JLEYL2454W,2050127,3,79.14,24782,19613,25.21307217,5169,7.7535,20.85788072,2448164,10,34.73,8860,3077,23.62178351,5783,8.0962,65.27088036,2119729,8,82.26,17430,14338,14.58677029,3092,0.9276,17.73952955,2141674,7,59.59,12518,7460,23.61703975,5058,2.0232,40.40581563,1098243,6,82.02,19845,16277,32.48825624,3568,1.4272,17.97933988,2162707,2,99.31,2598,2580,0.083229027,18,0.0108,0.692840647,226804,5,62.04,14334,8893,239.8987672,5441,4.8969,37.9586996,1886896,4,91.72,16424,15064,7.207604447,1360,0.544,8.280565027
G3_2253_AGLUZ4361L,2855058,5,46.95,11101,5212,20.62655119,5889,8.8335,53.04927484,260981,5,56.83,12878,7318,213.0423288,5560,7.784,43.17440596,2614112,6,73.71,11782,8684,11.8510607,3098,0.9294,26.29434731,1119988,1,62.17,15434,9595,52.13448716,5839,2.3356,37.83205909,2408021,10,29.34,5328,1563,15.63524571,3765,1.506,70.66441441,849675,2,99.92,18148,18134,0.164768882,14,0.0084,0.077143487,1499435,7,35.34,8005,2829,34.51966908,5176,4.6584,64.65958776,1865988,1,68.18,17370,11842,29.62505654,5528,2.2112,31.82498561
D3_4012_RLVPD0718U,2224635,5,61.13,6764,4135,11.81766897,2629,3.9435,38.867534,1041587,7,97.24,6439,6261,1.708930699,178,0.2492,2.764404411,1087898,1,82.16,24198,19882,39.67283698,4316,1.2948,17.83618481,400730,6,93.8,3805,3569,5.889252115,236,0.0944,6.202365309,2408742,5,NA,NA,8763,NA,NA,NA,NA,1677934,3,62.47,17570,10976,39.29832759,6594,3.9564,37.52988048,1336927,10,77.9,4099,3193,6.776735005,906,0.8154,22.10295194,2418231,5,22.22,10453,2323,33.61961698,8130,3.252,77.77671482
G5_4012_NFKLW1627W,796283,7,47.4,24699,11707,163.1580732,12992,19.488,52.60131989,2851512,2,79.06,850,672,0.624230233,178,0.2492,20.94117647,2389271,1,66.62,13096,8725,18.29428307,4371,1.3113,33.37660354,1718001,2,95.81,5638,5402,1.373689538,236,0.0944,4.185881518,1598713,2,33.39,6434,2148,26.80906454,4286,1.7144,66.61485856,1433739,8,NA,NA,18151,NA,NA,NA,NA,2634671,9,92.62,12277,11371,3.438759526,906,0.8154,7.37965301,2275330,9,67.21,15133,10171,21.80782568,4962,1.9848,32.78926849
B7_2955_UZBXO2349T,621517,3,10.32,7391,763,106.6422962,6628,9.942,89.67663374,566192,5,49.41,13142,6494,117.4160002,6648,9.3072,50.58590778,1128220,2,76.58,17575,13459,36.48224637,4116,1.2348,23.41963016,2623412,7,54.09,14493,7839,25.36391539,6654,2.6616,45.9118195,2440497,5,NA,NA,20010,NA,NA,NA,NA,1107449,4,99.37,15553,15455,0.884916597,98,0.0588,0.630103517,1478127,9,67.17,20612,13846,45.77414525,6766,6.0894,32.82553852,2320405,1,65.72,14873,9774,21.97461219,5099,2.0396,34.28360116
A3_3794_TDORB3009B,2391097,2,88.7,23265,20636,10.99495336,2629,3.9435,11.30023641,384196,8,99.13,20469,20291,4.63305188,178,0.2492,0.869607699,2339803,4,94.17,10732,10106,2.675438915,626,0.1878,5.833022736,1630465,4,96.76,7288,7052,1.447439841,236,0.0944,3.23819978,2741288,4,86.22,3375,2910,1.696282915,465,0.186,13.77777778,1785658,4,99.95,15870,15862,0.044801412,8,0.0048,0.050409578,586450,7,90.49,9523,8617,15.44888737,906,0.8154,9.513808674,1111755,3,63.28,1348,853,4.452419823,495,0.198,36.72106825
B1_3794_PUFCU2674F,384926,5,76.21,11053,8424,68.29884186,2629,3.9435,23.78539763,705903,1,96.13,4599,4421,2.52159291,178,0.2492,3.87040661,298153,7,82.89,21179,17555,121.5483326,3624,1.0872,17.11128948,397830,9,96.04,5956,5720,5.932182088,236,0.0944,3.962390866,1443724,9,79.7,15488,12344,21.77701555,3144,1.2576,20.29958678,1353727,8,99.77,9733,9711,0.162514303,22,0.0132,0.226035138,159698,8,95.38,19624,18718,56.7320818,906,0.8154,4.61679576,2721556,1,48.31,13348,6449,25.3494692,6899,2.7596,51.68564579
E2_3794_XXXEM0348T,864633,2,88.02,21954,19325,30.40596415,2629,3.9435,11.97503872,1616221,3,98.94,16859,16681,1.101334533,178,0.2492,1.055815885,880885,8,67.65,9132,6178,33.53445682,2954,0.8862,32.347788,2165057,5,98.47,15449,15213,1.090040586,236,0.0944,1.527606965,2019453,7,80.57,19053,15351,18.33169675,3702,1.4808,19.43001102,1219309,9,99.71,6452,6433,0.155825964,19,0.0114,0.294482331,868231,1,95.27,19135,18229,10.43501096,906,0.8154,4.7347792,2306476,8,78.74,24842,19560,22.90073688,5282,2.1128,21.26237823
G6_3794_CXEGD4905Y,842177,8,62.61,7032,4403,31.21671573,2629,3.9435,37.38623436,424853,9,96,4453,4275,4.189684432,178,0.2492,3.997305188,2070668,10,80.44,18928,15226,17.87828855,3702,1.1106,19.55832629,671213,2,98.56,16395,16159,3.516022485,236,0.0944,1.439463251,747654,10,55.51,8134,4515,48.40474337,3619,1.4476,44.49225473,1383722,2,99.67,2736,2727,0.065041967,9,0.0054,0.328947368,1036031,5,NA,NA,6054,NA,NA,NA,NA,1533295,4,81.24,22562,18329,27.60721192,4233,1.6932,18.76163461
B3_2667_TYBGO9859Z,790260,2,57.98,18228,10569,96.9174702,7659,11.4885,42.01777485,1228920,5,68.17,24913,16984,64.5200664,7929,11.1006,31.82675711,1855876,6,89.16,17816,15884,10.41017827,1932,0.5796,10.844185,1890151,10,66.92,24465,16372,42.81668502,8093,3.2372,33.07991008,842078,5,89.87,20770,18665,24.9976843,2105,0.842,10.13480982,1353850,4,99.93,12035,12026,0.066477084,9,0.0054,0.074781886,2413266,2,NA,NA,9787,NA,NA,NA,NA,2156785,9,86.03,16625,14302,10.77066096,2323,0.9292,13.97293233
E4_2667_ERXWG2819T,2586778,2,50.38,13687,6895,26.25660184,6792,10.188,49.62373055,1132596,7,13.9,7532,1047,57.25783951,6485,9.079,86.09930961,2061774,4,99.34,11041,10968,0.354064024,73,0.0219,0.661171995,2235501,6,72.3,22751,16448,28.19502206,6303,2.5212,27.70427674,2440364,1,93.77,12578,11795,3.208537743,783,0.3132,6.225155033,1581463,10,99.25,3608,3581,0.17072799,27,0.0162,0.748337029,903798,8,30.92,9645,2982,73.72222554,6663,5.9967,69.08242613,212606,9,80.21,13847,11107,128.8768896,2740,1.096,19.78767964
F5_2667_KKZCF0053Q,243798,5,NA,NA,16480,NA,NA,NA,NA,2625794,8,69.66,16307,11359,18.843824,4948,6.9272,30.34279757,1579987,7,22.19,4778,1060,23.53183919,3718,1.1154,77.81498535,1168817,5,49.86,11311,5640,48.51914372,5671,2.2684,50.13703474,254258,7,73.81,11432,8438,117.7544069,2994,1.1976,26.18964311,1556215,8,99.94,14209,14200,0.057832626,9,0.0054,0.063340137,797622,8,75.44,22737,17152,70.02063634,5585,5.0265,24.56348683,1330674,6,91.78,19321,17733,11.93380197,1588,0.6352,8.219036282
F8_2667_BLMAF6990C,1658683,1,52.6,12060,6344,34.46107544,5716,8.574,47.39635158,1447833,10,62.46,14290,8926,37.04847175,5364,7.5096,37.53673898,2374010,6,53.42,6372,3404,12.50205349,2968,0.8904,46.57878217,2170805,10,66.02,15993,10558,25.03679511,5435,2.174,33.98361783,2611140,8,46.68,19668,9181,40.16253437,10487,4.1948,53.32011389,2476916,6,99.66,7351,7326,0.100931965,25,0.015,0.340089784,2733197,2,70.61,17715,12508,19.05095022,5207,4.6863,29.39316963,1449192,4,99.65,14100,14050,0.345019846,50,0.02,0.354609929
B4_3970_EQQRK0728Z,751861,9,43.13,14210,6129,107.479973,8081,12.1215,56.86840253,986904,8,9.29,8405,781,77.25168811,7624,10.6736,90.70791196,1388185,8,84.96,14192,12058,15.37259083,2134,0.6402,15.03664036,1420017,9,50.74,15376,7802,53.33738962,7574,3.0296,49.25858481,2075251,7,86.03,14573,12537,9.810861433,2036,0.8144,13.97104234,2115632,9,68.75,5514,3791,8.144138489,1723,1.0338,31.24773304,410248,6,49.67,16032,7963,196.6859071,8069,7.2621,50.33058882,214124,3,91.09,20243,18439,84.25024752,1804,0.7216,8.911722571
C2_3970_WMCNZ1665R,751702,7,63.8,18240,11638,87.82735712,6602,9.903,36.19517544,2840843,7,64.25,19099,12272,24.03159907,6827,9.5578,35.74532698,1312010,5,99.04,17996,17824,1.310965618,172,0.0516,0.955767948,1850538,5,74.04,25430,18829,35.67070765,6601,2.6404,25.95753048,649615,4,95.9,16749,16062,10.57549472,687,0.2748,4.101737417,1099942,6,94.23,11218,10571,5.88212833,647,0.3882,5.767516491,2754564,3,NA,NA,5514,NA,NA,NA,NA,2592122,3,80.68,23914,19295,17.81937733,4619,1.8476,19.31504558
D0_3970_TKWDM8505M,801785,3,75.26,22171,16686,68.4098605,5485,8.2275,24.7395246,2547752,6,78.6,24947,19609,20.95180379,5338,7.4732,21.39736241,2030713,8,78.51,13837,10863,14.64510248,2974,0.8922,21.49309821,2233022,9,73.35,19273,14136,23.00469946,5137,2.0548,26.65386811,317300,8,33.79,5318,1797,110.9675386,3521,1.4084,66.20910117,2213830,2,63.33,21489,13610,35.58990528,7879,4.7274,36.6652706,649542,10,53.3,12031,6413,86.49171262,5618,5.0562,46.69603524,333165,4,70.33,16135,11347,143.7125749,4788,1.9152,29.67462039
D3_3970_PYOEL4576E,872987,8,79.37,24098,19126,56.95388362,4972,7.458,20.63241763,152966,6,55.89,13291,7429,383.2224154,5862,8.2068,44.10503348,1461376,6,81.87,17289,14155,21.44554174,3134,0.9402,18.12713286,2794334,7,65.37,16107,10529,19.96182275,5578,2.2312,34.63090582,928604,8,86.19,23625,20363,35.12799859,3262,1.3048,13.80740741,152947,1,94.33,15231,14368,56.4247746,863,0.5178,5.666075767,551214,6,74.23,19223,14270,89.8562083,4953,4.4577,25.76600947,2202016,10,58.56,13280,7777,24.99073576,5503,2.2012,41.43825301
G1_3970_JHKBK7019V,910144,4,71.83,17578,12626,54.40897265,4952,7.428,28.17157811,405222,8,77.58,25337,19657,140.1700796,5680,7.952,22.41780795,259748,6,30.22,5345,1615,143.6007207,3730,1.119,69.78484565,2439959,6,NA,NA,18296,NA,NA,NA,NA,2438744,8,66.39,9551,6341,13.16251316,3210,1.284,33.60904617,1139081,4,75.41,10140,7647,21.88606429,2493,1.4958,24.58579882,195133,9,78.15,23810,18608,266.5874045,5202,4.6818,21.84796304,936273,4,NA,NA,13738,NA,NA,NA,NA
A2_3195_YMVFT2597P,681457,6,38.43,13475,5179,121.739156,8296,12.444,61.56586271,989305,7,68.6,25447,17457,80.7637685,7990,11.186,31.39859315,1633889,7,83.82,12732,10672,12.60795562,2060,0.618,16.17970468,857481,5,20.26,12688,2570,117.9967836,10118,4.0472,79.74464061,882900,7,91.09,19304,17584,19.48125496,1720,0.688,8.910070452,132254,9,99.73,10604,10575,2.192750314,29,0.0174,0.273481705,759512,3,41.33,14082,5820,108.7803748,8262,7.4358,58.67064337,2480796,1,74.49,26703,19891,27.45892851,6812,2.7248,25.51024229
C3_3195_ECWWB0224D,242701,8,68.7,17175,11800,221.465919,5375,8.0625,31.29548763,2306586,6,71.99,20083,14457,24.39102639,5626,7.8764,28.01374297,2225302,9,49.75,20596,10246,46.51054104,10350,3.105,50.25247621,548900,1,76.02,22740,17286,99.36236109,5454,2.1816,23.98416887,1970282,6,81.68,18934,15466,17.6015413,3468,1.3872,18.31625647,1501542,4,99.08,2813,2787,0.17315533,26,0.0156,0.924280128,1455316,3,77.48,26055,20187,40.32113988,5868,5.2812,22.52158895,1693941,9,NA,NA,8240,NA,NA,NA,NA
C7_3195_UJETH6004X,1910149,9,43.8,9309,4077,27.39053341,5232,7.848,56.20367386,1847217,7,78.25,23424,18330,27.57661931,5094,7.1316,21.74692623,368962,10,80.72,16724,13499,87.40737529,3225,0.9675,19.2836642,411281,6,71.5,18619,13312,129.035866,5307,2.1228,28.50314195,2206543,7,NA,NA,10825,NA,NA,NA,NA,1213556,3,99.81,15361,15332,0.238967135,29,0.0174,0.188789792,376629,9,56.91,12311,7006,140.8547934,5305,4.7745,43.09154415,2214969,3,53.71,9158,4919,19.13796536,4239,1.6956,46.287399
A7_2690_PXSTF0999M,317037,1,NA,NA,8951,NA,NA,NA,NA,2698512,9,69.51,17386,12085,19.64415945,5301,7.4214,30.49004947,1172357,7,32.96,4909,1618,28.07165394,3291,0.9873,67.04013037,1473512,7,NA,NA,15175,NA,NA,NA,NA,2090439,9,82.07,21419,17579,18.3693473,3840,1.536,17.92800784,1802432,9,98.18,20261,19893,2.0416859,368,0.2208,1.81629732,2621547,2,71.09,17355,12338,19.13755504,5017,4.5153,28.90809565,2270293,2,56.07,19148,10737,37.04808146,8411,3.3644,43.92625862
C6_2690_CFUFY5841D,380593,2,71.85,19265,13841,142.5144446,5424,8.136,28.15468466,1056554,6,44.36,9162,4064,48.25120155,5098,7.1372,55.64287274,1531452,9,62.8,9486,5957,23.04349075,3529,1.0587,37.20219271,1733742,3,47.71,11026,5261,33.25177564,5765,2.306,52.28550698,1483697,10,47.76,7172,3425,25.25448255,3747,1.4988,52.24484105,1417021,6,97.05,19599,19020,4.086036834,579,0.3474,2.954232359,541465,4,NA,NA,5484,NA,NA,NA,NA,2574560,7,77.19,16751,12930,14.84137095,3821,1.5284,22.81057847
E0_2690_CDDBG1201W,1904230,8,56.07,12972,7273,29.92810742,5699,8.5485,43.93308665,618996,5,69.59,16391,11406,80.53363834,4985,6.979,30.41303154,952138,10,63.25,10415,6587,40.20425611,3828,1.1484,36.75468075,2645162,9,58.97,21740,12819,33.72572266,8921,3.5684,41.0349586,703816,6,39.28,14913,5858,128.655785,9055,3.622,60.71883591,674192,6,58.24,18245,10626,113.0093505,7619,4.5714,41.75938613,1862329,1,45.17,9366,4231,27.57300133,5135,4.6215,54.82596626,2133359,5,45.9,12674,5817,32.14180079,6857,2.7428,54.1028878
B9_2958_PFBPH9670F,2869364,1,80.98,13824,11195,9.162309139,2629,3.9435,19.01765046,534509,10,40.71,14953,6087,165.8718562,8866,12.4124,59.29244968,2763306,5,99.15,11782,11682,0.361885365,100,0.03,0.848752334,1127821,5,98.08,12292,12056,2.092530641,236,0.0944,1.919947934,2784867,3,97.22,16128,15680,1.608694419,448,0.1792,2.777777778,2741135,3,99.4,17610,17504,0.386701129,106,0.0636,0.601930721,1966098,4,71.52,3181,2275,4.608112108,906,0.8154,28.48160956,1402356,8,34.5,2846,982,13.29191732,1864,0.7456,65.49543219
C3_3437_GLZWR7424Z,1809436,3,67.8,8164,5535,14.52938927,2629,3.9435,32.20235179,2735081,6,98.74,14159,13981,0.650803395,178,0.2492,1.257150929,736634,2,99.82,17679,17648,0.420833141,31,0.0093,0.175349284,1535780,8,98.48,15483,15247,1.536678431,236,0.0944,1.524252406,519575,4,85.17,4773,4065,13.62652168,708,0.2832,14.83343809,858229,6,NA,NA,8685,NA,NA,NA,NA,548710,8,87.11,7026,6120,16.51145414,906,0.8154,12.89496157,2792466,7,46.56,9924,4621,18.99038341,5303,2.1212,53.43611447
D6_3437_GZEHF6787R,429455,2,44.7,4754,2125,61.21712403,2629,3.9435,55.30079933,2547102,6,98.03,9025,8847,0.698833419,178,0.2492,1.972299169,2232160,10,80.24,15873,12737,14.0491721,3136,0.9408,19.75681976,129388,2,98.62,17129,16893,18.23971311,236,0.0944,1.377780372,291240,6,46.24,6470,2992,119.4204093,3478,1.3912,53.75579598,234381,5,38.63,7109,2746,186.1499012,4363,2.6178,61.37290758,410024,10,95.55,20356,19450,22.09626754,906,0.8154,4.450776184,2783840,4,89.39,13971,12489,5.323581815,1482,0.5928,10.60768735
E4_3437_YDTWP4771V,205735,2,47.52,21741,10332,554.5483267,11409,17.1135,52.47688699,1277073,5,99.06,18926,18748,1.393812257,178,0.2492,0.940505125,2254657,7,78.91,10174,8028,9.518077473,2146,0.6438,21.09298211,2496189,7,98.37,14489,14253,0.945441231,236,0.0944,1.628821865,1110831,6,76.86,8477,6515,17.6624527,1962,0.7848,23.14498054,2869244,7,89.22,12107,10802,4.5482364,1305,0.783,10.77888825,898830,1,94.68,17042,16136,10.07977037,906,0.8154,5.316277432,833865,10,79.79,16657,13290,40.37823868,3367,1.3468,20.21372396
F8_3437_BJHAD3557S,2253634,6,71.46,9211,6582,11.6656032,2629,3.9435,28.5419607,1672799,4,98.79,14684,14506,1.064084806,178,0.2492,1.212203759,1893263,5,NA,NA,509,NA,NA,NA,NA,1878885,2,97.63,9971,9735,1.256064102,236,0.0944,2.366863905,1985299,7,91,17122,15581,7.762054985,1541,0.6164,9.000116809,1409391,9,50.07,9095,4554,32.21958988,4541,2.7246,49.92853216,2461213,4,91.49,10642,9736,3.681111712,906,0.8154,8.513437324,1175834,5,78.45,15940,12505,29.21330732,3435,1.374,21.54956085
A3_3115_OQZHI1305Z,1799444,3,80.04,13170,10541,14.61006844,2629,3.9435,19.96203493,2380619,3,97.42,6897,6719,0.747704694,178,0.2492,2.580832246,951592,10,NA,NA,4147,NA,NA,NA,NA,225806,7,95.08,4798,4562,10.45144947,236,0.0944,4.918716132,2302823,6,51.98,8894,4623,18.54680104,4271,1.7084,48.02113785,1718195,8,87.14,14809,12904,11.08721653,1905,1.143,12.86379904,2057574,10,95.66,20872,19966,4.40324382,906,0.8154,4.34074358,2445820,7,75.07,21047,15800,21.45292785,5247,2.0988,24.92991875
F4_3115_GXIMR6062B,2876971,7,88.08,22063,19434,9.138083074,2629,3.9435,11.91587726,2634571,9,NA,NA,1874,NA,NA,NA,NA,1266835,10,78.64,20366,16016,34.33754198,4350,1.305,21.35912796,862608,4,NA,NA,14153,NA,NA,NA,NA,2191394,8,55.41,24335,13484,49.51642653,10851,4.3404,44.59009657,872743,4,49.95,24988,12481,143.3067925,12507,7.5042,50.05202497,1178175,6,91.68,10891,9985,7.689859316,906,0.8154,8.318795336,220167,8,73.3,5587,4095,67.7667407,1492,0.5968,26.70485055
A5_2691_PIBDO3005K,1982820,6,74.98,25115,18830,31.69727963,6285,9.4275,25.02488553,2520820,2,NA,NA,19414,NA,NA,NA,NA,2111835,3,14.75,4991,736,20.14835439,4255,1.2765,85.25345622,1036774,5,73.49,23716,17428,60.64966907,6288,2.5152,26.51374599,1744078,2,77.26,18630,14394,24.28790455,4236,1.6944,22.73752013,2788037,2,99.89,17941,17921,0.071735059,20,0.012,0.111476506,507345,8,48.7,12419,6048,125.5752989,6371,5.7339,51.30042677,2880429,8,64.01,14459,9255,18.06675325,5204,2.0816,35.99142403
A7_2691_DJZMK1931L,1109981,5,73.26,19467,14262,46.89269456,5205,7.8075,26.73755586,1327738,10,70.85,17731,12562,38.93087341,5169,7.2366,29.15233207,2059313,9,20.94,5267,1103,20.22033562,4164,1.2492,79.05828745,267044,9,69.95,17194,12028,193.4512665,5166,2.0664,30.04536466,388845,6,50.4,25183,12691,321.2591135,12492,4.9968,49.60489219,1627175,2,99.91,14492,14479,0.079893066,13,0.0078,0.089704665,1798227,6,22.29,7547,1682,32.61545956,5865,5.2785,77.71299854,1413144,4,76.89,16494,12683,26.96823537,3811,1.5244,23.10537165
E1_2691_SPYSW2425V,342814,10,66.24,16814,11138,165.5708343,5676,8.514,33.75758297,668327,10,61.74,14259,8803,81.63668384,5456,7.6384,38.26355284,1698309,10,78.81,20833,16419,25.99055884,4414,1.3242,21.187539,1279647,1,66.97,16205,10853,41.82403428,5352,2.1408,33.02684357,164442,8,80.69,22252,17956,261.2471266,4296,1.7184,19.30612979,254408,3,NA,NA,17548,NA,NA,NA,NA,1579428,1,69.59,18927,13171,36.44357324,5756,5.1804,30.41158134,1757429,2,42.19,8513,3592,28.0011312,4921,1.9684,57.80570892
E8_2691_NVIMN2788B,1295927,8,NA,NA,18227,NA,NA,NA,NA,239580,7,77.94,23179,18066,213.4151432,5113,7.1582,22.05876008,1893038,10,80.82,22530,18209,22.82574359,4321,1.2963,19.17887261,793738,2,NA,NA,7210,NA,NA,NA,NA,2130973,9,71.42,14765,10545,19.80316034,4220,1.688,28.58110396,2722785,2,10.9,14095,1537,46.12189358,12558,7.5348,89.09542391,1755222,2,75.53,20580,15545,28.68583005,5035,4.5315,24.46550049,388162,2,47.54,9462,4498,127.8847492,4964,1.9856,52.4624815
F6_2691_BUMSR5753N,2551654,4,52.89,26745,14146,49.37581663,12599,18.8985,47.10787063,1703569,10,78.04,22509,17565,29.02142502,4944,6.9216,21.96454751,669997,7,72.52,15630,11335,64.10476465,4295,1.2885,27.47920665,2685602,8,76.52,21057,16112,18.41300386,4945,1.978,23.4838771,2881369,6,39.26,7208,2830,15.19416638,4378,1.7512,60.73806881,2876119,7,99.94,16343,16334,0.031292168,9,0.0054,0.055069449,955118,7,79.07,25902,20481,56.75738495,5421,4.8789,20.9288858,227097,7,38.47,4445,1710,120.4331189,2735,1.094,61.52980877
B6_3218_JZUYO4665V,1159752,9,16.69,8123,1356,58.34868144,6767,10.1505,83.3066601,458089,7,75,24951,18714,136.1525817,6237,8.7318,24.99699411,1897562,4,65.6,12070,7918,21.88070798,4152,1.2456,34.3993372,845378,9,66.34,19686,13060,78.37913927,6626,2.6504,33.65843747,894898,2,69.62,13678,9523,46.42987245,4155,1.662,30.37724814,2720705,5,99.25,14723,14613,0.404306972,110,0.066,0.74713034,2512779,7,29.27,9475,2773,26.67166512,6702,6.0318,70.73350923,866177,6,69.8,12154,8484,42.37009295,3670,1.468,30.19582031
D3_3218_KBJKI9373Y,1573355,9,74.68,25517,19055,41.0714683,6462,9.693,25.32429361,1266412,10,70.9,23364,16565,53.68710972,6799,9.5186,29.10032529,1269603,1,36.69,6974,2559,34.77465003,4415,1.3245,63.30656725,729648,3,12.94,7185,930,85.72626801,6255,2.502,87.05636743,196254,5,81.38,23299,18961,221.0400807,4338,1.7352,18.61882484,266569,6,99.39,15292,15198,3.526291504,94,0.0564,0.614700497,2859068,3,41.47,11313,4692,23.15789621,6621,5.9589,58.52559003,2765801,8,80.77,21616,17460,15.02638838,4156,1.6624,19.22649889
F7_2712_AIJPS0710E,1537146,2,78.41,12179,9550,17.10312488,2629,3.9435,21.58633714,1700955,1,NA,NA,4145,NA,NA,NA,NA,1111677,7,88.77,17803,15803,17.99083727,2000,0.6,11.23406167,1522447,1,98.58,16580,16344,1.550136064,236,0.0944,1.423401689,209509,8,74.8,8215,6145,98.80243808,2070,0.828,25.19780889,778970,10,99.74,20477,20423,0.693223102,54,0.0324,0.263710504,2508853,4,91.96,11271,10365,3.611211976,906,0.8154,8.038328454,2857295,6,68.59,24868,17056,27.34054412,7812,3.1248,31.41386521
A0_3766_YZJHR9240M,2701683,1,58.57,16182,9478,24.81416214,6704,10.056,41.42874799,896894,2,68.78,20819,14320,72.4611827,6499,9.0986,31.21667707,2006519,4,71.14,2516,1790,3.618206456,726,0.2178,28.85532591,224734,8,69.93,21948,15349,293.6360319,6599,2.6396,30.06652087,1864413,1,NA,NA,10755,NA,NA,NA,NA,399744,9,76.49,21858,16720,128.5322606,5138,3.0828,23.50626773,861240,8,73.68,24326,17924,74.33468023,6402,5.7618,26.31752035,2643972,5,89.24,10401,9282,4.232268723,1119,0.4476,10.75858091
E4_3766_LBQHK2693A,2153725,6,43.01,11190,4813,29.60916552,6377,9.5655,56.98838248,847767,3,70.29,22317,15686,78.21724601,6631,9.2834,29.71277501,1281968,4,95.79,21667,20755,7.114062129,912,0.2736,4.209166013,2113572,9,55.26,14459,7990,30.60695354,6469,2.5876,44.74030016,1586562,4,96.85,21410,20736,4.248179397,674,0.2696,3.148061653,186754,3,47.85,12736,6094,355.6550328,6642,3.9852,52.15138191,2468930,4,60.31,16313,9838,26.22593593,6475,5.8275,39.69226997,213859,9,70.29,19022,13370,264.2862821,5652,2.2608,29.71296394
F7_3766_DGEMU5083S,462636,2,64.99,22184,14417,167.8857676,7767,11.6505,35.01172016,1263655,4,14.12,9888,1396,67.20188659,8492,11.8888,85.88187702,2721387,6,86.22,13073,11271,6.621623459,1802,0.5406,13.78413524,2019988,3,60.97,20450,12469,39.5101357,7981,3.1924,39.02689487,1224501,8,91.03,20777,18913,15.22252738,1864,0.7456,8.971458825,1891630,5,81.3,12620,10260,12.47601275,2360,1.416,18.70047544,297722,9,22.07,10545,2327,276.0293159,8218,7.3962,77.93266951,884018,5,97.72,12664,12375,3.269164203,289,0.1156,2.282059381
G6_3766_MHGAK2243U,1612647,6,67.46,24558,16568,49.54587086,7990,11.985,32.53522274,725903,3,30.52,11414,3483,109.2570219,7931,11.1034,69.48484318,757923,7,87.37,15553,13589,25.91292255,1964,0.5892,12.62778885,622336,6,59.61,19179,11433,124.4665261,7746,3.0984,40.38792429,2630639,6,88.46,17810,15754,7.815591573,2056,0.8224,11.54407636,2883661,9,NA,NA,19404,NA,NA,NA,NA,222506,3,NA,NA,6754,NA,NA,NA,NA,1739036,4,NA,NA,10240,NA,NA,NA,NA
C7_3385_QZUXN3326T,2467643,3,NA,NA,13332,NA,NA,NA,NA,2805398,4,47.2,9555,4510,17.98318813,5045,7.063,52.79958137,2618242,7,75.98,14142,10745,12.97435455,3397,1.0191,24.02064772,1866857,4,NA,NA,15148,NA,NA,NA,NA,1999277,6,NA,NA,8177,NA,NA,NA,NA,2699105,2,70.79,20166,14275,21.82575335,5891,3.5346,29.21253595,1523935,9,50.52,10440,5274,33.89908362,5166,4.6494,49.48275862,513944,1,81.4,24020,19553,86.91608424,4467,1.7868,18.5970025
D0_3385_DHUET2270T,383535,8,66.37,23610,15669,207.0475967,7941,11.9115,33.63405337,2599454,10,67.38,25993,17515,32.61454136,8478,11.8692,32.61647367,2187711,5,79.31,9422,7473,8.908854963,1949,0.5847,20.68562938,1051204,1,42.78,13254,5670,72.14584419,7584,3.0336,57.22046175,1235736,8,86.91,15315,13311,16.21705607,2004,0.8016,13.08521058,2346410,7,80.47,16160,13004,13.45033477,3156,1.8936,19.52970297,2307911,10,53.68,28453,15273,57.10792141,13180,11.862,46.32200471,440173,9,74.97,24927,18687,141.7624434,6240,2.496,25.03309664
D1_3385_BJRLF8290Z,1252721,5,61.79,17276,10675,52.69329723,6601,9.9015,38.20907618,1930886,10,74.54,24569,18314,32.39445519,6255,8.757,25.45891164,2177539,4,92.5,13196,12206,4.546416849,990,0.297,7.502273416,150443,10,19.58,12592,2465,673.1453108,10127,4.0508,80.42407878,897318,3,96.92,11195,10850,3.84479081,345,0.138,3.081732916,2538150,4,74.69,5212,3893,5.196698383,1319,0.7914,25.30698388,524338,9,70.68,22282,15749,124.5952039,6533,5.8797,29.31963019,1588155,8,38.33,3457,1325,13.42438238,2132,0.8528,61.67196992
D5_3385_MOULR3080T,2379735,6,56.91,14766,8404,26.73406913,6362,9.543,43.08546661,134480,10,50,12907,6453,479.9226651,6454,9.0356,50.00387387,1087106,4,97.69,9889,9661,2.097311578,228,0.0684,2.305592072,2623399,9,74.23,25940,19256,25.47839654,6684,2.6736,25.76715497,213321,4,98.3,14464,14218,11.53191669,246,0.0984,1.700774336,1681654,9,68.56,20744,14223,38.77729902,6521,3.9126,31.43559583,1255537,3,64.81,17824,11552,49.95472057,6272,5.6448,35.18850987,2922102,10,89.17,15837,14122,5.86906275,1715,0.686,10.82907116
E2_3385_YEYWJ5440P,1947700,10,53.95,14099,7607,33.33162191,6492,9.738,46.04581885,1621563,8,67.47,19306,13026,38.72806669,6280,8.792,32.52874754,2278726,4,98.68,17696,17462,1.026889587,234,0.0702,1.322332731,238113,2,16.29,7865,1281,276.5073726,6584,2.6336,83.71265099,197109,2,NA,NA,12043,NA,NA,NA,NA,1520461,6,63.37,7013,4444,16.89619135,2569,1.5414,36.6319692,2371175,8,65.18,18169,11843,26.67875631,6326,5.6934,34.81754637,972364,1,39.51,10028,3962,62.38404548,6066,2.4264,60.49062625
A1_2821_TBSAV4085K,2298745,2,88.23,22333,19704,11.43667523,2629,3.9435,11.77181749,1461727,10,98.71,13826,13648,1.217737649,178,0.2492,1.287429481,1895526,3,91.91,4439,4080,1.893933399,359,0.1077,8.087407074,1449534,2,98.8,19721,19485,1.628109448,236,0.0944,1.19669388,2895444,1,93.92,17539,16472,3.685099764,1067,0.4268,6.083585153,2233258,9,99.86,20082,20054,0.125377363,28,0.0168,0.139428344,570897,9,86.18,6557,5651,15.86976285,906,0.8154,13.81729449,2485609,6,65.9,23672,15600,32.47493874,8072,3.2288,34.09935789
B8_2821_BSXWV0876V,208694,5,85.82,18534,15905,125.973914,2629,3.9435,14.18474156,1425845,6,98.75,14186,14008,1.248382538,178,0.2492,1.254758212,1576159,2,46.3,17273,7998,58.84558601,9275,2.7825,53.69652058,2083517,10,94.72,4470,4234,1.132700141,236,0.0944,5.279642058,1122632,1,94.32,6583,6209,3.331456791,374,0.1496,5.681300319,1096958,3,99.95,11430,11424,0.054696716,6,0.0036,0.052493438,1952088,9,94.55,16615,15709,4.641184209,906,0.8154,5.452904002,670462,10,49.14,14027,6893,106.4042407,7134,2.8536,50.85905753
C2_2821_EHJSC7069U,2919580,1,80.23,13295,10666,9.004719857,2629,3.9435,19.77435126,208965,5,98.21,9970,9792,8.5181729,178,0.2492,1.785356068,1266251,9,56.7,24590,13942,84.09075294,10648,3.1944,43.30215535,816820,5,98.79,19548,19312,2.889253446,236,0.0944,1.207284633,2636493,7,NA,NA,7655,NA,NA,NA,NA,1170731,4,99.71,5164,5149,0.128125077,15,0.009,0.290472502,2570857,9,86.28,6605,5699,3.524116666,906,0.8154,13.71688115,1924674,8,NA,NA,13225,NA,NA,NA,NA
G0_2821_DXJAZ5843J,1092497,6,82.88,15360,12731,24.06413931,2629,3.9435,17.11588542,1467686,10,98.41,11174,10996,1.212793472,178,0.2492,1.592983712,312445,6,69.12,12078,8348,119.3810111,3730,1.119,30.88259646,462931,10,98,11789,11553,5.097951963,236,0.0944,2.001866146,1847659,7,81.06,16519,13391,16.92953083,3128,1.2512,18.93577093,1912075,2,99.22,2566,2546,0.104598407,20,0.012,0.779423227,471349,4,92.86,12685,11779,19.22142616,906,0.8154,7.142294048,1350450,2,94.89,14863,14103,5.627753712,760,0.304,5.113368768
A7_2398_NUFTJ1600G,2526463,6,36.24,8462,3067,21.35396402,5395,8.0925,63.75561333,2407632,6,77.65,26178,20326,24.30604013,5852,8.1928,22.35464894,1911192,6,80.57,16576,13356,16.8481241,3220,0.966,19.42567568,295439,4,77.15,24332,18771,188.2283652,5561,2.2244,22.85467697,1278051,8,58.04,9061,5259,29.74842162,3802,1.5208,41.96004856,1370229,4,82.75,21735,17985,27.36768817,3750,2.25,17.25327812,457004,7,17.69,7121,1260,128.2483304,5861,5.2749,82.30585592,1660627,2,72.54,26859,19484,44.41093635,7375,2.95,27.45820768
C8_2398_TJWYZ3451M,1187267,6,69.88,26476,18502,67.1626517,7974,11.961,30.11784257,2874541,8,26.2,17573,4604,45.11676821,12969,18.1566,73.80071701,2043352,8,73.05,5625,4109,7.419181815,1516,0.4548,26.95111111,574604,2,27.55,10481,2888,132.1431803,7593,3.0372,72.44537735,2497248,5,88.39,17168,15174,7.984789656,1994,0.7976,11.61463187,2548848,10,96.5,21587,20832,2.962122496,755,0.453,3.497475332,2859163,2,44.97,13755,6185,26.47627995,7570,6.813,55.0345329,1780322,7,75.67,12356,9350,16.88458605,3006,1.2024,24.32826157
D0_2398_SHKKM7722O,494751,7,72.23,28625,20676,160.6666788,7949,11.9235,27.76943231,1306025,3,23.83,11108,2647,64.78436477,8461,11.8454,76.17032769,2807790,8,87.82,16531,14518,7.169339587,2013,0.6039,12.17712177,2591529,3,67.62,25998,17579,32.48661312,8419,3.3676,32.38326025,783027,4,90.48,16989,15371,20.66339986,1618,0.6472,9.523809524,1779196,6,50.62,16194,8197,44.94726832,7997,4.7982,49.38248734,875831,6,NA,NA,691,NA,NA,NA,NA,1177330,9,72.34,11818,8549,27.76621678,3269,1.3076,27.66119479
D4_2398_VUTDT3824N,2615821,9,68.08,25119,17102,30.64812156,8017,12.0255,31.91607946,435993,10,NA,NA,19510,NA,NA,NA,NA,1109594,7,53.37,3813,2035,16.023879,1778,0.5334,46.62995017,831963,4,52.13,16717,8714,96.19418171,8003,3.2012,47.87342226,1859961,5,54.02,4228,2284,10.45183205,1944,0.7776,45.97918638,2310832,3,77.62,14940,11597,14.46665097,3343,2.0058,22.37617135,852754,1,69,27344,18868,99.3956053,8476,7.6284,30.99765945,517368,3,88.85,5822,5173,12.5442625,649,0.2596,11.14737204
A5_2243_EZZMH3255W,877522,1,78.02,26121,20380,65.42286119,5741,8.6115,21.97848474,1353056,4,79.57,25356,20176,38.2837074,5180,7.252,20.42908976,296452,7,53.52,8020,4292,125.7539163,3728,1.1184,46.48379052,1156336,3,NA,NA,14470,NA,NA,NA,NA,1465172,10,83.41,20429,17040,23.13039015,3389,1.3556,16.58916247,2469606,3,99.87,20135,20108,0.10932918,27,0.0162,0.13409486,2509462,8,75.21,22821,17164,22.54268046,5657,5.0913,24.78857193,2717298,10,87.3,19063,16642,8.90958592,2421,0.9684,12.69999475
B8_2503_XBUWS4053J,2159624,6,48.79,16053,7833,38.06218119,8220,12.33,51.20538217,1255757,7,69.59,26766,18626,64.82145829,8140,11.396,30.41171636,438431,4,37.75,6625,2501,94.06269173,4124,1.2372,62.2490566,664491,2,47.84,15342,7339,120.4380496,8003,3.2012,52.16399426,2061981,7,49.14,8195,4027,20.21357132,4168,1.6672,50.86028066,564044,8,98.75,4631,4573,1.028288573,58,0.0348,1.252429281,1665978,7,49.75,16566,8242,49.96464539,8324,7.4916,50.24749487,539393,10,95.46,14313,13663,12.05058278,650,0.26,4.541326067
C4_2503_QOKKY1947M,849021,1,49.16,16407,8065,98.25434235,8342,12.513,50.84415189,1792525,7,21.75,10059,2188,43.91012678,7871,11.0194,78.24833482,1716625,6,14.32,4909,703,24.50156557,4206,1.2618,85.67936443,1167049,4,26.46,10789,2855,67.98343514,7934,3.1736,73.53786264,920371,4,71,14760,10480,46.5029863,4280,1.712,28.99728997,1089513,4,98.76,4665,4607,0.532347939,58,0.0348,1.243301179,768457,8,62.43,22542,14072,110.2208712,8470,7.623,37.57430574,2460898,3,75.96,27079,20568,26.45782149,6511,2.6044,24.0444625
A6_3987_MJZLW7992Q,2176055,8,64,15952,10210,26.38720069,5742,8.613,35.99548646,548068,3,10.37,5841,606,95.51734456,5235,7.329,89.6250642,2782913,9,83.85,19075,15994,11.07113302,3081,0.9243,16.15203145,1982361,10,53.73,10961,5889,25.58565266,5072,2.0288,46.27315026,2612853,6,79.74,17594,14029,13.64408943,3565,1.426,20.26258952,2621813,6,96.56,2794,2698,0.366158837,96,0.0576,3.435934145,1277324,5,73.78,21428,15809,43.99040494,5619,5.0571,26.22269927,1760147,6,NA,NA,18954,NA,NA,NA,NA
B2_3987_QYOVQ9494J,2696948,3,42.75,13555,5795,28.77326519,7760,11.64,57.24824788,2349457,3,63.71,26257,16728,40.55830773,9529,13.3406,36.29127471,2826969,7,88.53,17670,15644,7.166686299,2026,0.6078,11.46576118,1372757,1,68.14,25388,17300,58.91792939,8088,3.2352,31.85757051,706214,6,92.07,18793,17303,21.09842059,1490,0.596,7.92848401,2660398,2,NA,NA,4149,NA,NA,NA,NA,902533,5,NA,NA,11217,NA,NA,NA,NA,2377103,7,36.22,20539,7439,55.10909708,13100,5.24,63.78109937
C8_3987_LMLLB0774Y,2190374,4,28.32,9104,2578,29.79399865,6526,9.789,71.6827768,2879556,8,58.78,16567,9738,23.71546169,6829,9.5606,41.22049858,2523219,1,75.09,3472,2607,3.428160615,865,0.2595,24.91359447,217127,5,39.84,11135,4436,308.5291097,6699,2.6796,60.16165245,1155346,1,98.8,18785,18560,1.947468551,225,0.09,1.197764174,1084776,8,99.14,11518,11419,0.91263081,99,0.0594,0.859524223,2074312,1,75.95,27430,20833,31.80331599,6597,5.9373,24.05030988,1485078,4,22.88,8412,1925,43.68120732,6487,2.5948,77.11602473
F3_3987_LCVLM3411K,462114,5,75.36,26137,19696,139.3811917,6441,9.6615,24.64322608,259408,10,71.19,22316,15886,247.872078,6430,9.002,28.81340742,285720,4,88.83,5067,4501,19.80960381,566,0.1698,11.17031774,2927467,7,28.95,9662,2797,23.45030704,6865,2.746,71.05154212,1350909,1,93.77,9073,8508,4.182369057,565,0.226,6.227267717,1043506,3,94.29,1577,1487,0.862477072,90,0.054,5.707038681,2010930,6,76.83,27058,20788,31.17960347,6270,5.643,23.17244438,899679,4,66.78,24707,16500,91.22142453,8207,3.2828,33.21730684
G5_3987_DNZZO0173R,268135,5,56.9,14970,8518,240.6250583,6452,9.678,43.0995324,2329034,7,75.08,27230,20444,29.13654331,6786,9.5004,24.92104297,837708,3,93.64,15517,14530,11.78214843,987,0.2961,6.360765612,695150,6,57.43,15942,9155,97.63360426,6787,2.7148,42.57307741,1683722,3,94.78,10565,10013,3.278450956,552,0.2208,5.224798864,2393840,10,98.28,6204,6097,0.446980583,107,0.0642,1.724693746,2780176,8,13.53,12546,1698,39.01911246,10848,9.7632,86.46580583,1612721,7,70.54,27474,19379,50.19467099,8095,3.238,29.46422072
D1_3168_WZUDH6575E,299779,2,52.73,14017,7391,221.0294917,6626,9.939,47.27117072,1620563,9,71.48,23632,16892,41.59048429,6740,9.436,28.52064997,131567,3,78.33,19964,15637,328.8818625,4327,1.2981,21.67401322,2580613,2,56.29,15306,8615,25.92794813,6691,2.6764,43.71488305,873842,3,77.34,19170,14826,49.71150391,4344,1.7376,22.66040689,385251,7,99.66,15374,15321,1.375726474,53,0.0318,0.344737869,2319715,10,74.07,24873,18423,27.80513986,6450,5.805,25.9317332,1625891,5,63.68,23406,14906,52.27902731,8500,3.4,36.31547466
E3_3168_TXYHV7024Y,889059,3,NA,NA,14706,NA,NA,NA,NA,1848905,8,52.02,13007,6766,33.75511451,6241,8.7374,47.98185592,2560730,1,68.54,12985,8900,15.9524823,4085,1.2255,31.4593762,2427838,4,48.27,12316,5945,26.24145433,6371,2.5484,51.72945762,294659,1,68.79,12923,8890,136.8700769,4033,1.6132,31.20792386,1359773,10,49.59,26241,13014,97.27358905,13227,7.9362,50.40585344,292512,4,73.56,24812,18252,224.2643037,6560,5.904,26.43881993,962888,4,71.59,27008,19335,79.6873572,7673,3.0692,28.41010071
E7_3168_FPAZE5326U,557455,2,65.22,23944,15617,149.3752859,8327,12.4905,34.77697962,1030896,8,45.2,14893,6732,79.16414459,8161,11.4254,54.7975559,797482,6,NA,NA,14411,NA,NA,NA,NA,1756447,10,70.77,28390,20093,47.23740597,8297,3.3188,29.22507925,471079,5,62.5,11057,6911,88.01071582,4146,1.6584,37.49660848,2161763,10,98.61,3879,3825,0.249796115,54,0.0324,1.392111369,1589561,6,57.43,30404,17460,81.43128826,12944,11.6496,42.57334561,1139412,5,62.97,21765,13706,70.72946397,8059,3.2236,37.02733747
E8_3168_SZFJW2078J,1588719,6,53.33,16813,8966,49.39199443,7847,11.7705,46.67221793,2756533,4,NA,NA,11175,NA,NA,NA,NA,1956080,8,46.75,7650,3576,20.82736902,4074,1.2222,53.25490196,2003942,1,67.06,28066,18822,46.12907958,9244,3.6976,32.93664933,2753811,8,72.84,16037,11681,15.81807902,4356,1.7424,27.16218744,656339,10,99.48,11571,11511,0.914161737,60,0.036,0.518537724,2879690,8,57.13,18345,10481,27.30849501,7864,7.0776,42.86726629,1857000,5,44.91,10036,4507,29.77382876,5529,2.2116,55.09166999
C6_3416_OEDQP0782J,2546050,7,69.48,22270,15473,26.69625498,6797,10.1955,30.52088011,2654785,5,NA,NA,15638,NA,NA,NA,NA,312573,2,NA,NA,6876,NA,NA,NA,NA,1273223,5,76.49,27223,20822,50.27398971,6401,2.5604,23.51320575,1520973,5,95,13646,12964,4.483971773,682,0.2728,4.997801554,1485136,8,75.71,21609,16361,35.33683111,5248,3.1488,24.28617706,1700553,4,69.83,21278,14859,37.7465448,6419,5.7771,30.16730896,568884,8,65.16,21100,13749,129.2179073,7351,2.9404,34.83886256
D2_3416_SQTGQ4793M,643943,7,79.31,25309,20073,81.31154466,5236,7.854,20.6882927,1166880,1,26.39,6816,1799,42.9949952,5017,7.0238,73.60622066,2352022,9,NA,NA,620,NA,NA,NA,NA,2140290,6,52.58,11864,6238,26.28615748,5626,2.2504,47.42076871,1767749,8,NA,NA,6308,NA,NA,NA,NA,871310,3,68.03,25770,17531,94.55876783,8239,4.9434,31.97128444,1183006,10,69.44,17397,12081,44.93637395,5316,4.7844,30.55699258,934267,4,88.61,7857,6962,9.57970259,895,0.358,11.3911162
D8_3416_POVHW2651O,419911,4,44.43,15148,6731,200.4472376,8417,12.6255,55.5650911,2096479,7,70.77,26989,19101,37.62498933,7888,11.0432,29.226722,2586535,8,44.51,3572,1590,7.662761184,1982,0.5946,55.48712206,2935338,5,65.05,23592,15346,28.0921652,8246,3.2984,34.95252628,2547988,4,84.09,12694,10674,7.927823836,2020,0.808,15.91302978,2855196,1,87.6,9059,7936,3.933180069,1123,0.6738,12.39651176,2274831,5,21,10164,2134,35.29932553,8030,7.227,79.004329,1099817,1,63.64,16475,10484,54.47269864,5991,2.3964,36.36418816
E4_3416_NIJJE7210Y,658484,8,19.8,9694,1919,118.0742433,7775,11.6625,80.20425005,1550460,6,72.61,28603,20769,50.52694039,7834,10.9676,27.38873545,712940,6,91.98,22525,20719,25.33172497,1806,0.5418,8.017758047,1549293,5,35.35,12341,4362,51.50091042,7979,3.1916,64.65440402,2415364,8,87.57,17001,14888,8.748163838,2113,0.8452,12.42868067,2312027,2,77.1,15307,11802,15.15985756,3505,2.103,22.89802051,1682241,8,18.46,9409,1737,45.60583174,7672,6.9048,81.53895207,2249956,5,30.4,2809,854,8.689058808,1955,0.782,69.59772161
F9_3416_PPSZF0487D,1471131,5,62.23,21427,13335,55.00529864,8092,12.138,37.76543613,1561042,4,37.21,12079,4495,48.58293371,7584,10.6176,62.78665452,2292690,8,92.1,18867,17377,6.49891612,1490,0.447,7.897386972,735236,2,14.04,9017,1266,105.4219325,7751,3.1004,85.95985361,1387936,5,93.11,21805,20302,10.82902958,1503,0.6012,6.892914469,430846,1,84.15,17414,14654,64.06001216,2760,1.656,15.84931664,1059145,10,21.79,15709,3423,115.9992258,12286,11.0574,78.20994334,1948721,8,75.07,20483,15376,26.20693265,5107,2.0428,24.93287116
B0_3882_ZHNPV5233Z,2826135,2,20.59,8577,1766,24.10005184,6811,10.2165,79.41005013,2290282,6,42.64,11328,4830,28.372052,6498,9.0972,57.36228814,914656,2,NA,NA,3302,NA,NA,NA,NA,2884989,7,53.45,13879,7419,22.39176649,6460,2.584,46.54514014,342156,4,93.02,7913,7361,16.13299197,552,0.2208,6.975862505,133003,2,11.47,5737,658,381.8710856,5079,3.0474,88.5305909,1830039,4,75.32,25475,19189,34.34899475,6286,5.6574,24.67517174,372740,9,90.67,15472,14028,38.74014058,1444,0.5776,9.332988625
F6_3882_SQMMD3421I,2023763,5,58.23,15563,9062,32.12332669,6501,9.7515,41.7721519,269281,3,60.3,16210,9775,238.9697008,6435,9.009,39.69771746,1493225,2,62.71,2108,1322,5.263774716,786,0.2358,37.28652751,2900851,4,73.08,24853,18163,23.06219796,6690,2.676,26.91827948,290843,5,80.38,4954,3982,33.42009263,972,0.3888,19.62050868,1037519,10,61.39,21359,13112,79.48770095,8247,4.9482,38.61135821,387885,8,75.73,26675,20201,166.9051394,6474,5.8266,24.26991565,1249836,10,61.03,11191,6830,34.89257791,4361,1.7444,38.96881423
G9_3882_CMDWP0226B,519854,6,62.03,17921,11117,130.8829017,6804,10.206,37.96663133,1172650,5,67.85,20203,13707,55.39589818,6496,9.0944,32.15364055,2390643,5,99.15,18430,18273,0.656727081,157,0.0471,0.851871948,2902243,8,73.68,24669,18176,22.37235132,6493,2.5972,26.3204832,2149389,4,89.52,4943,4425,2.40998721,518,0.2072,10.47946591,533823,6,39.68,16714,6632,188.8640991,10082,6.0492,60.32068924,973839,2,58.43,15328,8956,65.43176028,6372,5.7348,41.57098121,1573746,4,62.84,22245,13979,52.52435908,8266,3.3064,37.15891212
B8_3130_CHBTN0763E,880375,1,6.06,8229,499,87.80349283,7730,11.595,93.93607972,774504,6,37.13,13232,4913,107.4106783,8319,11.6466,62.87031439,1693258,7,85.22,13109,11171,11.44539107,1938,0.5814,14.78373636,1369112,10,61.69,21366,13180,59.79057959,8186,3.2744,38.3132079,2671751,8,81.24,11386,9250,7.994756996,2136,0.8544,18.75988056,654834,9,91.51,7778,7118,10.07889022,660,0.396,8.485471844,1579365,8,19.55,9727,1902,49.54522862,7825,7.0425,80.44618073,493461,3,NA,NA,8319,NA,NA,NA,NA
C1_3130_KXKAW2690N,1207894,5,40.08,14136,5666,70.12204713,8470,12.705,59.91794001,1996308,4,71.26,27037,19266,38.92685898,7771,10.8794,28.74209417,932389,5,53.9,4050,2183,20.02383125,1867,0.5601,46.09876543,1180657,2,62.4,21718,13553,69.15641037,8165,3.266,37.59554287,2591716,5,86.23,11153,9617,5.926575288,1536,0.6144,13.77207926,2728210,1,90.38,16834,15214,5.937959321,1620,0.972,9.623381252,165832,8,36.87,12962,4779,493.4512036,8183,7.3647,63.13068971,1837134,9,58.2,28572,16628,65.01431033,11944,4.7776,41.80316394
E4_3130_CMDRV5249Y,2931811,2,58.03,15153,8793,21.6930764,6360,9.54,41.97188676,295433,7,44.86,12334,5533,230.2044795,6801,9.5214,55.14026269,1697849,4,90.73,7164,6500,3.910830704,664,0.1992,9.268565047,193483,4,62.13,17052,10594,333.776094,6458,2.5832,37.87239034,288568,5,75.93,2850,2164,23.77255967,686,0.2744,24.07017544,1592737,4,57.29,17775,10184,47.66009705,7591,4.5546,42.70604782,2000329,6,57.68,14896,8592,31.51481581,6304,5.6736,42.32008593,2176781,10,82.36,4542,3741,3.679745459,801,0.3204,17.63540291
F9_3130_FHXHX7393D,983371,4,71.38,22295,15914,64.88903984,6381,9.5715,28.62076699,576132,4,45.18,11807,5334,112.3527247,6473,9.0622,54.82340984,1461329,5,NA,NA,11341,NA,NA,NA,NA,228755,5,61.24,16147,9889,273.5677909,6258,2.5032,38.75642534,1156613,1,96.51,8749,8444,2.637009959,305,0.122,3.486112699,316754,6,95.7,18515,17718,25.16148178,797,0.4782,4.304617877,885336,10,48.38,13347,6457,77.82356077,6890,6.201,51.62208736,2046032,10,95.38,18408,17557,4.159270236,851,0.3404,4.622990004
G3_3130_IWOKW7698T,617724,8,50.59,13877,7021,110.9880788,6856,10.284,49.4054911,2556699,5,52.59,13751,7231,25.50163316,6520,9.128,47.41473347,2337544,4,85.79,7376,6328,4.483338068,1048,0.3144,14.20824295,1149470,8,63.07,17619,11112,56.60869792,6507,2.6028,36.93172144,1108124,4,95.39,1824,1740,0.758037909,84,0.0336,4.605263158,759173,5,76.85,10810,8308,32.95691496,2502,1.5012,23.14523589,2115573,4,65.03,18205,11838,30.09586528,6367,5.7303,34.97390827,2262929,8,73.09,8512,6221,10.1240472,2291,0.9164,26.91494361
B3_3014_JPUSY6477V,417069,4,65.76,19104,12563,156.8325625,6541,9.8115,34.23890285,2272954,5,17.25,7663,1322,27.89761693,6341,8.8774,82.74827091,792323,4,24.35,13339,3248,127.3596753,10091,3.0273,75.6503486,622671,1,74.82,27029,20222,109.3193677,6807,2.7228,25.18406156,860483,3,96.98,8023,7781,2.812373981,242,0.0968,3.016328057,1049040,2,29.93,10245,3066,68.4339968,7179,4.3074,70.07320644,1542548,5,75.14,26417,19851,42.56593636,6566,5.9094,24.85520687,2196317,6,99.51,4279,4258,0.095614613,21,0.0084,0.490768871
C1_3014_TBZWC8575A,1904309,8,66.38,20146,13372,35.57195812,6774,10.161,33.62454085,2546329,10,20.67,8277,1711,25.78614154,6566,9.1924,79.32825903,2948876,3,96.49,11496,11092,1.370013524,404,0.1212,3.514265832,1307386,10,70.3,21550,15149,48.96029176,6401,2.5604,29.70301624,885518,1,96.68,19996,19332,7.498435944,664,0.2656,3.320664133,811217,10,75.14,22235,16707,68.14452853,5528,3.3168,24.86170452,1625786,4,71.57,22234,15913,38.87965575,6321,5.6889,28.4294324,2929967,6,54.16,10713,5802,16.76128093,4911,1.9644,45.84150098
F5_3014_EHHQW1282K,1618199,4,76.33,21191,16175,30.99742368,5016,7.524,23.67042612,294535,2,57.15,29648,16943,431.3579031,12705,17.787,42.85280626,1687162,8,83.56,22873,19113,22.28594527,3760,1.128,16.43859572,903800,5,76.98,22737,17503,57.91104227,5234,2.0936,23.01974755,2731678,6,84.64,23955,20275,13.47157315,3680,1.472,15.36213734,1266252,8,37.73,9351,3528,45.98610703,5823,3.4938,62.27141482,1743963,10,77.92,24453,19053,30.96395967,5400,4.86,22.08317998,1362768,6,79.42,13403,10645,20.23822103,2758,1.1032,20.57748265
G4_3014_MLWOP0112K,1868108,3,NA,NA,16490,NA,NA,NA,NA,612722,8,NA,NA,19910,NA,NA,NA,NA,2669002,7,81.95,20819,17061,14.08016929,3758,1.1274,18.05081896,1639440,10,73.63,19168,14113,30.83369931,5055,2.022,26.37207846,298686,6,69.93,10577,7397,106.4663225,3180,1.272,30.06523589,2169671,10,63.06,7954,5016,13.54122353,2938,1.7628,36.93738999,886640,1,72.53,21076,15287,65.29143734,5789,5.2101,27.46726134,378687,3,64.12,22670,14536,214.7948042,8134,3.2536,35.88001764
A1_2340_RLDVA9774M,680123,5,32.48,8701,2826,86.38143395,5875,8.8125,67.5209746,619323,2,31.87,7698,2453,84.68924939,5245,7.343,68.13458041,1512786,8,86.65,23929,20735,21.11336303,3194,0.9582,13.34782064,2266911,1,NA,NA,11098,NA,NA,NA,NA,2262316,10,83.91,21037,17652,14.96254281,3385,1.354,16.09069734,1465119,3,79.41,20471,16256,28.76899419,4215,2.529,20.59010307,2062361,7,72.65,18795,13654,24.92774058,5141,4.6269,27.35301942,2790232,3,78.48,18028,14148,13.90565372,3880,1.552,21.52207677
B0_2340_FRVQY1408B,1989513,6,59.23,12935,7661,26.50899994,5274,7.911,40.77309625,816689,5,71.72,18943,13586,65.59412457,5357,7.4998,28.27957557,1157566,10,63.57,10539,6700,33.16441568,3839,1.1517,36.42660594,1831056,10,54.91,12158,6676,29.93900787,5482,2.1928,45.0896529,2430109,9,84.53,23187,19600,14.76065477,3587,1.4348,15.46987536,1363263,1,61.17,15914,9735,45.32507667,6179,3.7074,38.82744753,1347043,6,NA,NA,4100,NA,NA,NA,NA,1746596,8,99.75,14245,14210,0.200389787,35,0.014,0.245700246
F6_2340_KETDX4705F,1618108,5,NA,NA,19965,NA,NA,NA,NA,2120693,9,65.97,23842,15729,38.25636242,8113,11.3582,34.02818555,1266490,5,81.02,9416,7629,14.10986269,1787,0.5361,18.97833475,710135,1,65.31,22401,14630,109.4298971,7771,3.1084,34.69041561,2590030,4,86.3,12260,10580,6.486411354,1680,0.672,13.70309951,1287300,6,NA,NA,14367,NA,NA,NA,NA,503756,3,53.75,16371,8799,150.3108648,7572,6.8148,46.2525197,2569426,9,94.46,20365,19237,4.390085568,1128,0.4512,5.538914805
G2_2340_PHEWD0888Q,2027305,10,69.44,25031,17381,37.7348253,7650,11.475,30.56210299,2766377,10,23.53,10779,2536,29.79709562,8243,11.5402,76.47277113,1504115,5,72.72,6407,4659,11.62145182,1748,0.5244,27.28265959,2550275,7,71.11,29243,20794,33.12976052,8449,3.3796,28.8923845,1930370,4,92.19,21754,20054,8.806601843,1700,0.68,7.814654776,2894419,2,84.88,22455,19059,11.73292464,3396,2.0376,15.12358049,170188,8,53.19,17121,9107,470.8910146,8014,7.2126,46.80801355,1325909,1,74.77,9534,7129,18.1384997,2405,0.962,25.22550871
G4_2340_OYNNG0873T,1847384,3,56.93,18213,10369,42.46004079,7844,11.766,43.06813814,1680224,4,71.18,26467,18839,45.39870874,7628,10.6792,28.82079571,1243820,5,91.1,21416,19509,15.33180042,1907,0.5721,8.90455734,2248974,5,51.45,16394,8434,35.3939174,7960,3.184,48.55434915,2718109,8,80.06,7965,6377,5.842296979,1588,0.6352,19.93722536,1522955,3,66.14,23664,15652,52.60825172,8012,4.8072,33.85733604,2698958,3,52.64,17560,9244,30.81189111,8316,7.4844,47.35763098,242485,2,76.95,16481,12682,156.6694847,3799,1.5196,23.05078575
